Date,Open,High,Low,Close
2023-09-05 00:00:00+05:30,19564.650390625,19587.05078125,19525.75,19574.900390625
2023-09-06 00:00:00+05:30,19581.19921875,19636.44921875,19491.5,19611.05078125
2023-09-07 00:00:00+05:30,19598.650390625,19737.0,19550.05078125,19727.05078125
2023-09-08 00:00:00+05:30,19774.80078125,19867.150390625,19727.05078125,19819.94921875
2023-09-11 00:00:00+05:30,19890.0,20008.150390625,19865.349609375,19996.349609375
2023-09-12 00:00:00+05:30,20110.150390625,20110.349609375,19914.650390625,19993.19921875
2023-09-13 00:00:00+05:30,19989.5,20096.900390625,19944.099609375,20070.0
2023-09-14 00:00:00+05:30,20127.94921875,20167.650390625,20043.44921875,20103.099609375
2023-09-15 00:00:00+05:30,20156.44921875,20222.44921875,20129.69921875,20192.349609375
2023-09-18 00:00:00+05:30,20155.94921875,20195.349609375,20115.69921875,20133.30078125
2023-09-20 00:00:00+05:30,19980.75,20050.650390625,19878.849609375,19901.400390625
2023-09-21 00:00:00+05:30,19840.55078125,19848.75,19709.94921875,19742.349609375
2023-09-22 00:00:00+05:30,19744.849609375,19798.650390625,19657.5,19674.25
2023-09-25 00:00:00+05:30,19678.19921875,19734.150390625,19601.55078125,19674.55078125
2023-09-26 00:00:00+05:30,19682.80078125,19699.349609375,19637.44921875,19664.69921875
2023-09-27 00:00:00+05:30,19637.05078125,19730.69921875,19554.0,19716.44921875
2023-09-28 00:00:00+05:30,19761.80078125,19766.650390625,19492.099609375,19523.55078125
2023-09-29 00:00:00+05:30,19581.19921875,19726.25,19551.05078125,19638.30078125
2023-10-03 00:00:00+05:30,19622.400390625,19623.19921875,19479.650390625,19528.75
2023-10-04 00:00:00+05:30,19446.30078125,19457.80078125,19333.599609375,19436.099609375
2023-10-05 00:00:00+05:30,19521.849609375,19576.94921875,19487.30078125,19545.75
2023-10-06 00:00:00+05:30,19621.19921875,19675.75,19589.400390625,19653.5
2023-10-09 00:00:00+05:30,19539.44921875,19588.94921875,19480.5,19512.349609375
2023-10-10 00:00:00+05:30,19565.599609375,19717.80078125,19565.44921875,19689.849609375
2023-10-11 00:00:00+05:30,19767.0,19839.19921875,19756.94921875,19811.349609375
2023-10-12 00:00:00+05:30,19822.69921875,19843.30078125,19772.650390625,19794.0
2023-10-13 00:00:00+05:30,19654.55078125,19805.400390625,19635.30078125,19751.05078125
2023-10-16 00:00:00+05:30,19737.25,19781.30078125,19691.849609375,19731.75
2023-10-17 00:00:00+05:30,19843.19921875,19849.75,19775.650390625,19811.5
2023-10-18 00:00:00+05:30,19820.44921875,19840.94921875,19659.94921875,19671.099609375
2023-10-19 00:00:00+05:30,19545.19921875,19681.80078125,19512.349609375,19624.69921875
2023-10-20 00:00:00+05:30,19542.150390625,19593.80078125,19518.69921875,19542.650390625
2023-10-23 00:00:00+05:30,19521.599609375,19556.849609375,19257.849609375,19281.75
2023-10-25 00:00:00+05:30,19286.44921875,19347.30078125,19074.150390625,19122.150390625
2023-10-26 00:00:00+05:30,19027.25,19041.69921875,18837.849609375,18857.25
2023-10-27 00:00:00+05:30,18928.75,19076.150390625,18926.650390625,19047.25
2023-10-30 00:00:00+05:30,19053.400390625,19158.5,18940.0,19140.900390625
2023-10-31 00:00:00+05:30,19232.94921875,19233.69921875,19056.44921875,19079.599609375
2023-11-01 00:00:00+05:30,19064.05078125,19096.05078125,18973.69921875,18989.150390625
2023-11-02 00:00:00+05:30,19120.0,19175.25,19064.150390625,19133.25
2023-11-03 00:00:00+05:30,19241.0,19276.25,19210.900390625,19230.599609375
2023-11-06 00:00:00+05:30,19345.849609375,19423.0,19309.69921875,19411.75
2023-11-07 00:00:00+05:30,19404.05078125,19423.5,19329.099609375,19406.69921875
2023-11-08 00:00:00+05:30,19449.599609375,19464.400390625,19401.5,19443.5
2023-11-09 00:00:00+05:30,19457.400390625,19463.900390625,19378.349609375,19395.30078125
2023-11-10 00:00:00+05:30,19351.849609375,19451.30078125,19329.44921875,19425.349609375
2023-11-13 00:00:00+05:30,19486.75,19494.400390625,19414.75,19443.55078125
2023-11-15 00:00:00+05:30,19651.400390625,19693.19921875,19579.650390625,19675.44921875
2023-11-16 00:00:00+05:30,19674.69921875,19875.25,19627.0,19765.19921875
2023-11-17 00:00:00+05:30,19674.75,19806.0,19667.44921875,19731.80078125
2023-11-20 00:00:00+05:30,19731.150390625,19756.44921875,19670.5,19694.0
2023-11-21 00:00:00+05:30,19770.900390625,19829.099609375,19754.05078125,19783.400390625
2023-11-22 00:00:00+05:30,19784.0,19825.55078125,19703.849609375,19811.849609375
2023-11-23 00:00:00+05:30,19828.44921875,19875.150390625,19786.75,19802.0
2023-11-24 00:00:00+05:30,19809.599609375,19832.849609375,19768.849609375,19794.69921875
2023-11-28 00:00:00+05:30,19844.650390625,19916.849609375,19800.0,19889.69921875
2023-11-29 00:00:00+05:30,19976.55078125,20104.650390625,19956.30078125,20096.599609375
2023-11-30 00:00:00+05:30,20108.5,20158.69921875,20015.849609375,20133.150390625
2023-12-01 00:00:00+05:30,20194.099609375,20291.55078125,20183.69921875,20267.900390625
2023-12-04 00:00:00+05:30,20601.94921875,20702.650390625,20507.75,20686.80078125
2023-12-05 00:00:00+05:30,20808.900390625,20864.05078125,20711.150390625,20855.099609375
2023-12-06 00:00:00+05:30,20950.75,20961.94921875,20852.150390625,20937.69921875
2023-12-07 00:00:00+05:30,20932.400390625,20941.25,20850.80078125,20901.150390625
2023-12-08 00:00:00+05:30,20934.099609375,21006.099609375,20862.69921875,20969.400390625
2023-12-11 00:00:00+05:30,20965.30078125,21026.099609375,20923.69921875,20997.099609375
2023-12-12 00:00:00+05:30,21018.55078125,21037.900390625,20867.150390625,20906.400390625
2023-12-13 00:00:00+05:30,20929.75,20950.0,20769.5,20926.349609375
2023-12-14 00:00:00+05:30,21110.400390625,21210.900390625,21074.44921875,21182.69921875
2023-12-15 00:00:00+05:30,21287.44921875,21492.30078125,21235.30078125,21456.650390625
2023-12-18 00:00:00+05:30,21434.80078125,21482.80078125,21365.349609375,21418.650390625
2023-12-19 00:00:00+05:30,21477.650390625,21505.05078125,21337.75,21453.099609375
2023-12-20 00:00:00+05:30,21543.5,21593.0,21087.349609375,21150.150390625
2023-12-21 00:00:00+05:30,21033.94921875,21288.349609375,20976.80078125,21255.05078125
2023-12-22 00:00:00+05:30,21295.849609375,21390.5,21232.44921875,21349.400390625
2023-12-26 00:00:00+05:30,21365.19921875,21477.150390625,21329.44921875,21441.349609375
2023-12-27 00:00:00+05:30,21497.650390625,21675.75,21495.80078125,21654.75
2023-12-28 00:00:00+05:30,21715.0,21801.44921875,21678.0,21778.69921875
2023-12-29 00:00:00+05:30,21737.650390625,21770.30078125,21676.900390625,21731.400390625
2024-01-01 00:00:00+05:30,21727.75,21834.349609375,21680.849609375,21741.900390625
2024-01-02 00:00:00+05:30,21751.349609375,21755.599609375,21555.650390625,21665.80078125
2024-01-03 00:00:00+05:30,21661.099609375,21677.0,21500.349609375,21517.349609375
2024-01-04 00:00:00+05:30,21605.80078125,21685.650390625,21564.55078125,21658.599609375
2024-01-05 00:00:00+05:30,21705.75,21749.599609375,21629.19921875,21710.80078125
2024-01-08 00:00:00+05:30,21747.599609375,21763.94921875,21492.900390625,21513.0
2024-01-09 00:00:00+05:30,21653.599609375,21724.44921875,21517.849609375,21544.849609375
2024-01-10 00:00:00+05:30,21529.30078125,21641.849609375,21448.650390625,21618.69921875
2024-01-11 00:00:00+05:30,21688.0,21726.5,21593.75,21647.19921875
2024-01-12 00:00:00+05:30,21773.55078125,21928.25,21715.150390625,21894.55078125
2024-01-15 00:00:00+05:30,22053.150390625,22115.55078125,21963.55078125,22097.44921875
2024-01-16 00:00:00+05:30,22080.5,22124.150390625,21969.80078125,22032.30078125
2024-01-17 00:00:00+05:30,21647.25,21851.5,21550.44921875,21571.94921875
2024-01-18 00:00:00+05:30,21414.19921875,21539.400390625,21285.55078125,21462.25
2024-01-19 00:00:00+05:30,21615.19921875,21670.599609375,21575.0,21622.400390625
2024-01-23 00:00:00+05:30,21716.69921875,21750.25,21192.599609375,21238.80078125
2024-01-24 00:00:00+05:30,21185.25,21482.349609375,21137.19921875,21453.94921875
2024-01-25 00:00:00+05:30,21454.599609375,21459.0,21247.05078125,21352.599609375
2024-01-29 00:00:00+05:30,21433.099609375,21763.25,21429.599609375,21737.599609375
2024-01-30 00:00:00+05:30,21775.75,21813.05078125,21501.80078125,21522.099609375
2024-01-31 00:00:00+05:30,21487.25,21741.349609375,21448.849609375,21725.69921875
2024-02-01 00:00:00+05:30,21780.650390625,21832.94921875,21658.75,21697.44921875
2024-02-02 00:00:00+05:30,21812.75,22126.80078125,21805.55078125,21853.80078125
2024-02-05 00:00:00+05:30,21921.05078125,21964.30078125,21726.94921875,21771.69921875
2024-02-06 00:00:00+05:30,21825.19921875,21951.400390625,21737.55078125,21929.400390625
2024-02-07 00:00:00+05:30,22045.05078125,22053.30078125,21860.150390625,21930.5
2024-02-08 00:00:00+05:30,22009.650390625,22011.05078125,21665.30078125,21717.94921875
2024-02-09 00:00:00+05:30,21727.0,21804.44921875,21629.900390625,21782.5
2024-02-12 00:00:00+05:30,21800.80078125,21831.69921875,21574.75,21616.05078125
2024-02-13 00:00:00+05:30,21664.30078125,21766.80078125,21543.349609375,21743.25
2024-02-14 00:00:00+05:30,21578.150390625,21870.849609375,21530.19921875,21840.05078125
2024-02-15 00:00:00+05:30,21906.55078125,21953.849609375,21794.80078125,21910.75
2024-02-16 00:00:00+05:30,22020.30078125,22068.650390625,21968.94921875,22040.69921875
2024-02-19 00:00:00+05:30,22103.44921875,22186.650390625,22021.05078125,22122.25
2024-02-20 00:00:00+05:30,22099.19921875,22215.599609375,22045.849609375,22196.94921875
2024-02-21 00:00:00+05:30,22248.849609375,22249.400390625,21997.94921875,22055.05078125
2024-02-22 00:00:00+05:30,22081.55078125,22252.5,21875.25,22217.44921875
2024-02-23 00:00:00+05:30,22290.0,22297.5,22186.099609375,22212.69921875
2024-02-26 00:00:00+05:30,22169.19921875,22202.150390625,22075.150390625,22122.05078125
2024-02-27 00:00:00+05:30,22090.19921875,22218.25,22085.650390625,22198.349609375
2024-02-28 00:00:00+05:30,22214.099609375,22229.150390625,21915.849609375,21951.150390625
2024-02-29 00:00:00+05:30,21935.19921875,22060.55078125,21860.650390625,21982.80078125
2024-03-01 00:00:00+05:30,22048.30078125,22353.30078125,22047.75,22338.75
2024-03-04 00:00:00+05:30,22403.5,22440.900390625,22358.30078125,22405.599609375
2024-03-05 00:00:00+05:30,22371.25,22416.900390625,22269.150390625,22356.30078125
2024-03-06 00:00:00+05:30,22327.5,22497.19921875,22224.349609375,22474.05078125
2024-03-07 00:00:00+05:30,22505.30078125,22525.650390625,22430.0,22493.55078125
2024-03-11 00:00:00+05:30,22517.5,22526.599609375,22307.25,22332.650390625
2024-03-12 00:00:00+05:30,22334.44921875,22452.55078125,22256.0,22335.69921875
2024-03-13 00:00:00+05:30,22432.19921875,22446.75,21905.650390625,21997.69921875
2024-03-14 00:00:00+05:30,21982.55078125,22204.599609375,21917.5,22146.650390625
2024-03-15 00:00:00+05:30,22064.849609375,22120.900390625,21931.69921875,22023.349609375
2024-03-18 00:00:00+05:30,21990.099609375,22123.69921875,21916.55078125,22055.69921875
2024-03-19 00:00:00+05:30,21946.44921875,21978.30078125,21793.099609375,21817.44921875
2024-03-20 00:00:00+05:30,21843.900390625,21930.900390625,21710.19921875,21839.099609375
2024-03-21 00:00:00+05:30,21989.900390625,22080.94921875,21941.30078125,22011.94921875
2024-03-22 00:00:00+05:30,21932.19921875,22180.69921875,21883.30078125,22096.75
2024-03-26 00:00:00+05:30,21947.900390625,22073.19921875,21947.55078125,22004.69921875
2024-03-27 00:00:00+05:30,22053.94921875,22193.599609375,22052.849609375,22123.650390625
2024-03-28 00:00:00+05:30,22163.599609375,22516.0,22163.599609375,22326.900390625
2024-04-01 00:00:00+05:30,22455.0,22529.94921875,22427.75,22462.0
2024-04-02 00:00:00+05:30,22458.80078125,22497.599609375,22388.150390625,22453.30078125
2024-04-03 00:00:00+05:30,22385.69921875,22521.099609375,22346.5,22434.650390625
2024-04-04 00:00:00+05:30,22592.099609375,22619.0,22303.80078125,22514.650390625
2024-04-05 00:00:00+05:30,22486.400390625,22537.599609375,22427.599609375,22513.69921875
2024-04-08 00:00:00+05:30,22578.349609375,22697.30078125,22550.349609375,22666.30078125
2024-04-09 00:00:00+05:30,22765.099609375,22768.400390625,22612.25,22642.75
2024-04-10 00:00:00+05:30,22720.25,22775.69921875,22673.69921875,22753.80078125
2024-04-12 00:00:00+05:30,22677.400390625,22726.44921875,22503.75,22519.400390625
2024-04-15 00:00:00+05:30,22339.05078125,22427.44921875,22259.55078125,22272.5
2024-04-16 00:00:00+05:30,22125.30078125,22213.75,22079.44921875,22147.900390625
2024-04-18 00:00:00+05:30,22212.349609375,22326.5,21961.69921875,21995.849609375
2024-04-19 00:00:00+05:30,21861.5,22179.55078125,21777.650390625,22147.0
2024-04-22 00:00:00+05:30,22336.900390625,22375.650390625,22198.150390625,22336.400390625
2024-04-23 00:00:00+05:30,22447.05078125,22447.55078125,22349.44921875,22368.0
2024-04-24 00:00:00+05:30,22421.55078125,22476.44921875,22384.0,22402.400390625
2024-04-25 00:00:00+05:30,22316.900390625,22625.94921875,22305.25,22570.349609375
2024-04-26 00:00:00+05:30,22620.400390625,22620.400390625,22385.55078125,22419.94921875
2024-04-29 00:00:00+05:30,22475.55078125,22655.80078125,22441.900390625,22643.400390625
2024-04-30 00:00:00+05:30,22679.650390625,22783.349609375,22568.400390625,22604.849609375
2024-05-02 00:00:00+05:30,22567.849609375,22710.5,22567.849609375,22648.19921875
2024-05-03 00:00:00+05:30,22766.349609375,22794.69921875,22348.05078125,22475.849609375
2024-05-06 00:00:00+05:30,22561.599609375,22588.80078125,22409.44921875,22442.69921875
2024-05-07 00:00:00+05:30,22489.75,22499.05078125,22232.05078125,22302.5
2024-05-08 00:00:00+05:30,22231.19921875,22368.650390625,22185.19921875,22302.5
2024-05-09 00:00:00+05:30,22224.80078125,22307.75,21932.400390625,21957.5
2024-05-10 00:00:00+05:30,21990.94921875,22131.30078125,21950.30078125,22055.19921875
2024-05-13 00:00:00+05:30,22027.94921875,22131.650390625,21821.05078125,22104.05078125
2024-05-14 00:00:00+05:30,22112.900390625,22270.05078125,22081.25,22217.849609375
2024-05-15 00:00:00+05:30,22255.599609375,22297.55078125,22151.75,22200.55078125
2024-05-16 00:00:00+05:30,22319.19921875,22432.25,22054.55078125,22403.849609375
2024-05-17 00:00:00+05:30,22415.25,22502.150390625,22345.650390625,22466.099609375
2024-05-21 00:00:00+05:30,22404.55078125,22591.099609375,22404.55078125,22529.05078125
2024-05-22 00:00:00+05:30,22576.599609375,22629.5,22483.150390625,22597.80078125
2024-05-23 00:00:00+05:30,22614.099609375,22993.599609375,22577.44921875,22967.650390625
2024-05-24 00:00:00+05:30,22930.75,23026.400390625,22908.0,22957.099609375
2024-05-27 00:00:00+05:30,23038.94921875,23110.80078125,22871.19921875,22932.44921875
2024-05-28 00:00:00+05:30,22977.150390625,22998.55078125,22858.5,22888.150390625
2024-05-29 00:00:00+05:30,22762.75,22825.5,22685.44921875,22704.69921875
2024-05-30 00:00:00+05:30,22617.44921875,22705.75,22417.0,22488.650390625
2024-05-31 00:00:00+05:30,22568.099609375,22653.75,22465.099609375,22530.69921875
2024-06-03 00:00:00+05:30,23337.900390625,23338.69921875,23062.30078125,23263.900390625
2024-06-04 00:00:00+05:30,23179.5,23179.5,21281.44921875,21884.5
2024-06-05 00:00:00+05:30,22128.349609375,22670.400390625,21791.94921875,22620.349609375
2024-06-06 00:00:00+05:30,22798.599609375,22910.150390625,22642.599609375,22821.400390625
2024-06-07 00:00:00+05:30,22821.849609375,23320.19921875,22789.05078125,23290.150390625
2024-06-10 00:00:00+05:30,23319.150390625,23411.900390625,23227.150390625,23259.19921875
2024-06-11 00:00:00+05:30,23283.75,23389.44921875,23206.650390625,23264.849609375
2024-06-12 00:00:00+05:30,23344.44921875,23441.94921875,23295.94921875,23322.94921875
2024-06-13 00:00:00+05:30,23480.94921875,23481.05078125,23353.900390625,23398.900390625
2024-06-14 00:00:00+05:30,23464.94921875,23490.400390625,23334.25,23465.599609375
2024-06-18 00:00:00+05:30,23570.80078125,23579.05078125,23499.69921875,23557.900390625
2024-06-19 00:00:00+05:30,23629.849609375,23664.0,23412.900390625,23516.0
2024-06-20 00:00:00+05:30,23586.150390625,23624.0,23442.599609375,23567.0
2024-06-21 00:00:00+05:30,23661.150390625,23667.099609375,23398.19921875,23501.099609375
2024-06-24 00:00:00+05:30,23382.30078125,23558.099609375,23350.0,23537.849609375
2024-06-25 00:00:00+05:30,23577.099609375,23754.150390625,23562.05078125,23721.30078125
2024-06-26 00:00:00+05:30,23723.099609375,23889.900390625,23670.44921875,23868.80078125
2024-06-27 00:00:00+05:30,23881.55078125,24087.44921875,23805.400390625,24044.5
2024-06-28 00:00:00+05:30,24085.900390625,24174.0,23985.80078125,24010.599609375
2024-07-01 00:00:00+05:30,23992.94921875,24164.0,23992.69921875,24141.94921875
2024-07-02 00:00:00+05:30,24228.75,24236.349609375,24056.400390625,24123.849609375
2024-07-03 00:00:00+05:30,24291.75,24309.150390625,24207.099609375,24286.5
2024-07-04 00:00:00+05:30,24369.94921875,24401.0,24281.0,24302.150390625
2024-07-05 00:00:00+05:30,24213.349609375,24363.0,24168.849609375,24323.849609375
2024-07-08 00:00:00+05:30,24329.44921875,24344.599609375,24240.55078125,24320.55078125
2024-07-09 00:00:00+05:30,24351.0,24443.599609375,24331.900390625,24433.19921875
2024-07-10 00:00:00+05:30,24459.849609375,24461.05078125,24141.80078125,24324.44921875
2024-07-11 00:00:00+05:30,24396.55078125,24402.650390625,24193.75,24315.94921875
2024-07-12 00:00:00+05:30,24387.94921875,24592.19921875,24331.150390625,24502.150390625
2024-07-15 00:00:00+05:30,24587.599609375,24635.05078125,24522.75,24586.69921875
2024-07-16 00:00:00+05:30,24615.900390625,24661.25,24587.650390625,24613.0
2024-07-18 00:00:00+05:30,24543.80078125,24837.75,24504.44921875,24800.849609375
2024-07-19 00:00:00+05:30,24853.80078125,24854.80078125,24508.150390625,24530.900390625
2024-07-22 00:00:00+05:30,24445.75,24595.19921875,24362.30078125,24509.25
2024-07-23 00:00:00+05:30,24568.900390625,24582.55078125,24074.19921875,24479.05078125
2024-07-24 00:00:00+05:30,24444.94921875,24504.25,24307.25,24413.5
2024-07-25 00:00:00+05:30,24230.94921875,24426.150390625,24210.80078125,24406.099609375
2024-07-26 00:00:00+05:30,24423.349609375,24861.150390625,24410.900390625,24834.849609375
2024-07-29 00:00:00+05:30,24943.30078125,24999.75,24774.599609375,24836.099609375
2024-07-30 00:00:00+05:30,24839.400390625,24971.75,24798.650390625,24857.30078125
2024-07-31 00:00:00+05:30,24886.69921875,24984.599609375,24856.5,24951.150390625
2024-08-01 00:00:00+05:30,25030.94921875,25078.30078125,24956.400390625,25010.900390625
2024-08-02 00:00:00+05:30,24789.0,24851.900390625,24686.849609375,24717.69921875
2024-08-05 00:00:00+05:30,24302.849609375,24350.05078125,23893.69921875,24055.599609375
2024-08-06 00:00:00+05:30,24189.849609375,24382.599609375,23960.400390625,23992.55078125
2024-08-07 00:00:00+05:30,24289.400390625,24337.69921875,24184.900390625,24297.5
2024-08-08 00:00:00+05:30,24248.55078125,24340.5,24079.69921875,24117.0
2024-08-09 00:00:00+05:30,24386.849609375,24419.75,24311.19921875,24367.5
2024-08-12 00:00:00+05:30,24320.05078125,24472.80078125,24212.099609375,24347.0
2024-08-13 00:00:00+05:30,24342.349609375,24359.94921875,24116.5,24139.0
2024-08-14 00:00:00+05:30,24184.400390625,24196.5,24099.69921875,24143.75
2024-08-16 00:00:00+05:30,24334.849609375,24563.900390625,24204.5,24541.150390625
2024-08-19 00:00:00+05:30,24636.349609375,24638.80078125,24522.94921875,24572.650390625
2024-08-20 00:00:00+05:30,24648.900390625,24734.30078125,24607.19921875,24698.849609375
2024-08-21 00:00:00+05:30,24680.55078125,24787.94921875,24654.5,24770.19921875
2024-08-22 00:00:00+05:30,24863.400390625,24867.349609375,24784.44921875,24811.5
2024-08-23 00:00:00+05:30,24845.400390625,24858.400390625,24771.650390625,24823.150390625
2024-08-26 00:00:00+05:30,24906.099609375,25043.80078125,24874.69921875,25010.599609375
2024-08-27 00:00:00+05:30,25024.80078125,25073.099609375,24973.650390625,25017.75
2024-08-28 00:00:00+05:30,25030.80078125,25129.599609375,24964.650390625,25052.349609375
2024-08-29 00:00:00+05:30,25035.30078125,25192.900390625,24998.5,25151.94921875
2024-08-30 00:00:00+05:30,25249.69921875,25268.349609375,25199.400390625,25235.900390625
2024-09-02 00:00:00+05:30,25333.599609375,25333.650390625,25235.5,25278.69921875
2024-09-03 00:00:00+05:30,25313.400390625,25321.69921875,25235.80078125,25279.849609375
2024-09-04 00:00:00+05:30,25089.94921875,25216.0,25083.80078125,25198.69921875
2024-09-05 00:00:00+05:30,25250.5,25275.44921875,25127.75,25145.099609375
2024-09-06 00:00:00+05:30,25093.69921875,25168.75,24801.30078125,24852.150390625
2024-09-09 00:00:00+05:30,24823.400390625,24957.5,24753.150390625,24936.400390625
2024-09-10 00:00:00+05:30,24999.400390625,25130.5,24896.80078125,25041.099609375
2024-09-11 00:00:00+05:30,25034.0,25113.69921875,24885.150390625,24918.44921875
2024-09-12 00:00:00+05:30,25059.650390625,25433.349609375,24941.44921875,25388.900390625
2024-09-13 00:00:00+05:30,25430.44921875,25430.5,25292.44921875,25356.5
2024-09-16 00:00:00+05:30,25406.650390625,25445.69921875,25336.19921875,25383.75
2024-09-17 00:00:00+05:30,25416.900390625,25441.650390625,25352.25,25418.55078125
2024-09-18 00:00:00+05:30,25402.400390625,25482.19921875,25285.55078125,25377.55078125
2024-09-19 00:00:00+05:30,25487.05078125,25611.94921875,25376.05078125,25415.80078125
2024-09-20 00:00:00+05:30,25525.94921875,25849.25,25426.599609375,25790.94921875
2024-09-23 00:00:00+05:30,25872.55078125,25956.0,25847.349609375,25939.05078125
2024-09-24 00:00:00+05:30,25921.44921875,26011.55078125,25886.849609375,25940.400390625
2024-09-25 00:00:00+05:30,25899.44921875,26032.80078125,25871.349609375,26004.150390625
2024-09-26 00:00:00+05:30,26005.400390625,26250.900390625,25998.400390625,26216.05078125
2024-09-27 00:00:00+05:30,26248.25,26277.349609375,26151.400390625,26178.94921875
2024-09-30 00:00:00+05:30,26061.30078125,26134.69921875,25794.099609375,25810.849609375
2024-10-01 00:00:00+05:30,25788.44921875,25907.599609375,25739.19921875,25796.900390625
2024-10-03 00:00:00+05:30,25452.849609375,25639.44921875,25230.30078125,25250.099609375
2024-10-04 00:00:00+05:30,25181.900390625,25485.05078125,24966.80078125,25014.599609375
2024-10-07 00:00:00+05:30,25084.099609375,25143.0,24694.349609375,24795.75
2024-10-08 00:00:00+05:30,24832.19921875,25044.0,24756.80078125,25013.150390625
2024-10-09 00:00:00+05:30,25065.80078125,25234.05078125,24947.69921875,24981.94921875
2024-10-10 00:00:00+05:30,25067.05078125,25134.05078125,24979.400390625,24998.44921875
2024-10-11 00:00:00+05:30,24985.30078125,25028.650390625,24920.05078125,24964.25
2024-10-14 00:00:00+05:30,25023.44921875,25159.75,25017.5,25127.94921875
2024-10-15 00:00:00+05:30,25186.30078125,25212.05078125,25008.150390625,25057.349609375
2024-10-16 00:00:00+05:30,25008.55078125,25093.400390625,24908.44921875,24971.30078125
2024-10-17 00:00:00+05:30,25027.400390625,25029.5,24728.900390625,24749.849609375
2024-10-18 00:00:00+05:30,24664.94921875,24886.19921875,24567.650390625,24854.05078125
2024-10-21 00:00:00+05:30,24956.150390625,24978.30078125,24679.599609375,24781.099609375
2024-10-22 00:00:00+05:30,24798.650390625,24882.0,24445.80078125,24472.099609375
2024-10-23 00:00:00+05:30,24378.150390625,24604.25,24378.099609375,24435.5
2024-10-24 00:00:00+05:30,24412.69921875,24480.650390625,24341.19921875,24399.400390625
2024-10-25 00:00:00+05:30,24418.05078125,24440.25,24073.900390625,24180.80078125
2024-10-28 00:00:00+05:30,24251.099609375,24492.599609375,24134.900390625,24339.150390625
2024-10-29 00:00:00+05:30,24328.849609375,24484.5,24140.849609375,24466.849609375
2024-10-30 00:00:00+05:30,24371.44921875,24498.19921875,24307.30078125,24340.849609375
2024-10-31 00:00:00+05:30,24349.849609375,24372.44921875,24172.599609375,24205.349609375
2024-11-01 00:00:00+05:30,24302.75,24368.25,24280.19921875,24304.349609375
2024-11-04 00:00:00+05:30,24315.75,24316.75,23816.150390625,23995.349609375
2024-11-05 00:00:00+05:30,23916.5,24229.05078125,23842.75,24213.30078125
2024-11-06 00:00:00+05:30,24308.75,24537.599609375,24204.05078125,24484.05078125
2024-11-07 00:00:00+05:30,24489.599609375,24503.349609375,24179.05078125,24199.349609375
2024-11-08 00:00:00+05:30,24207.69921875,24276.150390625,24066.650390625,24148.19921875
2024-11-11 00:00:00+05:30,24087.25,24336.80078125,24004.599609375,24141.30078125
2024-11-12 00:00:00+05:30,24225.80078125,24242.0,23839.150390625,23883.44921875
2024-11-13 00:00:00+05:30,23822.44921875,23873.599609375,23509.599609375,23559.05078125
2024-11-14 00:00:00+05:30,23542.150390625,23675.900390625,23484.150390625,23532.69921875
2024-11-18 00:00:00+05:30,23605.30078125,23606.80078125,23350.400390625,23453.80078125
2024-11-19 00:00:00+05:30,23529.55078125,23780.650390625,23464.80078125,23518.5
2024-11-21 00:00:00+05:30,23488.44921875,23507.30078125,23263.150390625,23349.900390625
2024-11-22 00:00:00+05:30,23411.80078125,23956.099609375,23359.0,23907.25
2024-11-25 00:00:00+05:30,24253.55078125,24351.55078125,24135.44921875,24221.900390625
2024-11-26 00:00:00+05:30,24343.30078125,24343.30078125,24125.400390625,24194.5
2024-11-27 00:00:00+05:30,24204.80078125,24354.55078125,24145.650390625,24274.900390625
2024-11-28 00:00:00+05:30,24274.150390625,24345.75,23873.349609375,23914.150390625
2024-11-29 00:00:00+05:30,23927.150390625,24188.44921875,23927.150390625,24131.099609375
2024-12-02 00:00:00+05:30,24140.849609375,24301.69921875,24008.650390625,24276.05078125
2024-12-03 00:00:00+05:30,24367.5,24481.349609375,24280.0,24457.150390625
2024-12-04 00:00:00+05:30,24488.75,24573.19921875,24366.30078125,24467.44921875
2024-12-05 00:00:00+05:30,24539.150390625,24857.75,24295.55078125,24708.400390625
2024-12-06 00:00:00+05:30,24729.44921875,24751.05078125,24620.5,24677.80078125
2024-12-09 00:00:00+05:30,24633.900390625,24705.0,24580.05078125,24619.0
2024-12-10 00:00:00+05:30,24652.650390625,24677.80078125,24510.650390625,24610.05078125
2024-12-11 00:00:00+05:30,24620.5,24691.75,24583.849609375,24641.80078125
2024-12-12 00:00:00+05:30,24604.44921875,24675.25,24527.94921875,24548.69921875
2024-12-13 00:00:00+05:30,24498.349609375,24792.30078125,24180.80078125,24768.30078125
2024-12-16 00:00:00+05:30,24753.400390625,24781.25,24601.75,24668.25
2024-12-17 00:00:00+05:30,24584.80078125,24624.099609375,24303.44921875,24336.0
2024-12-18 00:00:00+05:30,24297.94921875,24394.44921875,24149.849609375,24198.849609375
2024-12-19 00:00:00+05:30,23877.150390625,24004.900390625,23870.30078125,23951.69921875
2024-12-20 00:00:00+05:30,23960.69921875,24065.80078125,23537.349609375,23587.5
2024-12-23 00:00:00+05:30,23738.19921875,23869.55078125,23647.19921875,23753.44921875
2024-12-24 00:00:00+05:30,23769.099609375,23867.650390625,23685.150390625,23727.650390625
2024-12-26 00:00:00+05:30,23775.80078125,23854.5,23653.599609375,23750.19921875
2024-12-27 00:00:00+05:30,23801.400390625,23938.849609375,23800.599609375,23813.400390625
2024-12-30 00:00:00+05:30,23796.900390625,23915.349609375,23599.30078125,23644.900390625
2024-12-31 00:00:00+05:30,23560.599609375,23689.849609375,23460.44921875,23644.80078125
2025-01-01 00:00:00+05:30,23637.650390625,23822.80078125,23562.80078125,23742.900390625
2025-01-02 00:00:00+05:30,23783.0,24226.69921875,23751.55078125,24188.650390625
2025-01-03 00:00:00+05:30,24196.400390625,24196.44921875,23976.0,24004.75
2025-01-06 00:00:00+05:30,24045.80078125,24089.94921875,23551.900390625,23616.05078125
2025-01-07 00:00:00+05:30,23679.900390625,23795.19921875,23637.80078125,23707.900390625
2025-01-08 00:00:00+05:30,23746.650390625,23751.849609375,23496.150390625,23688.94921875
2025-01-09 00:00:00+05:30,23674.75,23689.5,23503.05078125,23526.5
2025-01-10 00:00:00+05:30,23551.900390625,23596.599609375,23344.349609375,23431.5
2025-01-13 00:00:00+05:30,23195.400390625,23340.94921875,23047.25,23085.94921875
2025-01-14 00:00:00+05:30,23165.900390625,23264.94921875,23134.150390625,23176.05078125
2025-01-15 00:00:00+05:30,23250.44921875,23293.650390625,23146.44921875,23213.19921875
2025-01-16 00:00:00+05:30,23377.25,23391.650390625,23272.05078125,23311.80078125
2025-01-17 00:00:00+05:30,23277.099609375,23292.099609375,23100.349609375,23203.19921875
2025-01-20 00:00:00+05:30,23290.400390625,23391.099609375,23170.650390625,23344.75
2025-01-21 00:00:00+05:30,23421.650390625,23426.30078125,22976.849609375,23024.650390625
2025-01-22 00:00:00+05:30,23099.150390625,23169.55078125,22981.30078125,23155.349609375
2025-01-23 00:00:00+05:30,23128.30078125,23270.80078125,23090.650390625,23205.349609375
2025-01-24 00:00:00+05:30,23183.900390625,23347.30078125,23050.0,23092.19921875
2025-01-27 00:00:00+05:30,22940.150390625,23007.44921875,22786.900390625,22829.150390625
2025-01-28 00:00:00+05:30,22960.44921875,23137.94921875,22857.650390625,22957.25
2025-01-29 00:00:00+05:30,23026.75,23183.349609375,22976.5,23163.099609375
2025-01-30 00:00:00+05:30,23169.5,23322.05078125,23139.19921875,23249.5
2025-01-31 00:00:00+05:30,23296.75,23546.80078125,23277.400390625,23508.400390625
2025-02-01 00:00:00+05:30,23528.599609375,23632.44921875,23318.30078125,23482.150390625
2025-02-03 00:00:00+05:30,23319.349609375,23381.599609375,23222.0,23361.05078125
2025-02-04 00:00:00+05:30,23509.900390625,23762.75,23423.150390625,23739.25
2025-02-05 00:00:00+05:30,23801.75,23807.30078125,23680.44921875,23696.30078125
2025-02-06 00:00:00+05:30,23761.94921875,23773.55078125,23556.25,23603.349609375
2025-02-07 00:00:00+05:30,23649.5,23694.5,23443.19921875,23559.94921875
2025-02-10 00:00:00+05:30,23543.80078125,23568.599609375,23316.30078125,23381.599609375
2025-02-11 00:00:00+05:30,23383.55078125,23390.05078125,22986.650390625,23071.80078125
2025-02-12 00:00:00+05:30,23050.80078125,23144.69921875,22798.349609375,23045.25
2025-02-13 00:00:00+05:30,23055.75,23235.5,22992.19921875,23031.400390625
2025-02-14 00:00:00+05:30,23096.44921875,23133.69921875,22774.849609375,22929.25
2025-02-17 00:00:00+05:30,22809.900390625,22974.19921875,22725.44921875,22959.5
2025-02-18 00:00:00+05:30,22963.650390625,22992.5,22801.5,22945.30078125
2025-02-19 00:00:00+05:30,22847.25,23049.94921875,22814.849609375,22932.900390625
2025-02-20 00:00:00+05:30,22821.099609375,22923.849609375,22812.75,22913.150390625
2025-02-21 00:00:00+05:30,22857.19921875,22921.0,22720.30078125,22795.900390625
2025-02-24 00:00:00+05:30,22609.349609375,22668.05078125,22518.80078125,22553.349609375
2025-02-25 00:00:00+05:30,22516.44921875,22625.30078125,22513.900390625,22547.55078125
2025-02-27 00:00:00+05:30,22568.94921875,22613.30078125,22508.400390625,22545.05078125
2025-02-28 00:00:00+05:30,22433.400390625,22450.349609375,22104.849609375,22124.69921875
2025-03-03 00:00:00+05:30,22194.55078125,22261.55078125,22004.69921875,22119.30078125
2025-03-04 00:00:00+05:30,21974.44921875,22105.05078125,21964.599609375,22082.650390625
2025-03-05 00:00:00+05:30,22073.05078125,22394.900390625,22067.80078125,22337.30078125
2025-03-06 00:00:00+05:30,22476.349609375,22556.44921875,22245.849609375,22544.69921875
2025-03-07 00:00:00+05:30,22508.650390625,22633.80078125,22464.75,22552.5
2025-03-10 00:00:00+05:30,22521.849609375,22676.75,22429.05078125,22460.30078125
2025-03-11 00:00:00+05:30,22345.94921875,22522.099609375,22314.69921875,22497.900390625
2025-03-12 00:00:00+05:30,22536.349609375,22577.400390625,22329.55078125,22470.5
2025-03-13 00:00:00+05:30,22541.5,22558.05078125,22377.349609375,22397.19921875
2025-03-17 00:00:00+05:30,22353.150390625,22577.0,22353.150390625,22508.75
2025-03-18 00:00:00+05:30,22662.25,22857.80078125,22599.19921875,22834.30078125
2025-03-19 00:00:00+05:30,22874.94921875,22940.69921875,22807.94921875,22907.599609375
2025-03-20 00:00:00+05:30,23036.599609375,23216.69921875,22973.94921875,23190.650390625
2025-03-21 00:00:00+05:30,23168.25,23402.69921875,23132.80078125,23350.400390625
2025-03-24 00:00:00+05:30,23515.400390625,23708.75,23433.5,23658.349609375
2025-03-25 00:00:00+05:30,23751.5,23869.599609375,23601.400390625,23668.650390625
2025-03-26 00:00:00+05:30,23700.94921875,23736.5,23451.69921875,23486.849609375
2025-03-27 00:00:00+05:30,23433.94921875,23646.44921875,23412.19921875,23591.94921875
2025-03-28 00:00:00+05:30,23600.400390625,23649.19921875,23450.19921875,23519.349609375
2025-04-01 00:00:00+05:30,23341.099609375,23565.150390625,23136.400390625,23165.69921875
2025-04-02 00:00:00+05:30,23192.599609375,23350.0,23158.44921875,23332.349609375
2025-04-03 00:00:00+05:30,23150.30078125,23306.5,23145.80078125,23250.099609375
2025-04-04 00:00:00+05:30,23190.400390625,23214.69921875,22857.44921875,22904.44921875
2025-04-07 00:00:00+05:30,21758.400390625,22254.0,21743.650390625,22161.599609375
2025-04-08 00:00:00+05:30,22446.75,22697.19921875,22270.849609375,22535.849609375
2025-04-09 00:00:00+05:30,22460.30078125,22468.69921875,22353.25,22399.150390625
2025-04-11 00:00:00+05:30,22695.400390625,22923.900390625,22695.400390625,22828.55078125
2025-04-15 00:00:00+05:30,23368.349609375,23368.349609375,23207.0,23328.55078125
2025-04-16 00:00:00+05:30,23344.099609375,23452.19921875,23273.05078125,23437.19921875
2025-04-17 00:00:00+05:30,23401.849609375,23872.349609375,23298.55078125,23851.650390625
2025-04-21 00:00:00+05:30,23949.150390625,24189.55078125,23903.650390625,24125.55078125
2025-04-22 00:00:00+05:30,24185.400390625,24242.599609375,24072.0,24167.25
2025-04-23 00:00:00+05:30,24357.599609375,24359.30078125,24119.94921875,24328.94921875
2025-04-24 00:00:00+05:30,24277.900390625,24347.849609375,24216.150390625,24246.69921875
2025-04-25 00:00:00+05:30,24289.0,24365.44921875,23847.849609375,24039.349609375
2025-04-28 00:00:00+05:30,24070.25,24355.099609375,24054.05078125,24328.5
2025-04-29 00:00:00+05:30,24370.69921875,24457.650390625,24290.75,24335.94921875
2025-04-30 00:00:00+05:30,24342.05078125,24396.150390625,24198.75,24334.19921875
2025-05-02 00:00:00+05:30,24311.900390625,24589.150390625,24238.5,24346.69921875
2025-05-05 00:00:00+05:30,24419.5,24526.400390625,24400.650390625,24461.150390625
2025-05-06 00:00:00+05:30,24500.75,24509.650390625,24331.80078125,24379.599609375
2025-05-07 00:00:00+05:30,24233.30078125,24449.599609375,24220.0,24414.400390625
2025-05-08 00:00:00+05:30,24431.5,24447.25,24150.19921875,24273.80078125
2025-05-09 00:00:00+05:30,23935.75,24164.25,23935.75,24008.0
2025-05-12 00:00:00+05:30,24420.099609375,24944.80078125,24378.849609375,24924.69921875
2025-05-13 00:00:00+05:30,24864.05078125,24973.80078125,24547.5,24578.349609375
2025-05-14 00:00:00+05:30,24613.80078125,24767.55078125,24535.55078125,24666.900390625
2025-05-15 00:00:00+05:30,24694.44921875,25116.25,24494.44921875,25062.099609375
2025-05-16 00:00:00+05:30,25064.650390625,25070.0,24953.05078125,25019.80078125
2025-05-19 00:00:00+05:30,25005.349609375,25062.94921875,24916.650390625,24945.44921875
2025-05-20 00:00:00+05:30,24996.19921875,25010.349609375,24669.69921875,24683.900390625
2025-05-21 00:00:00+05:30,24744.25,24946.19921875,24685.349609375,24813.44921875
2025-05-22 00:00:00+05:30,24733.94921875,24737.5,24462.400390625,24609.69921875
2025-05-23 00:00:00+05:30,24639.5,24909.05078125,24614.05078125,24853.150390625
2025-05-26 00:00:00+05:30,24919.349609375,25079.19921875,24900.5,25001.150390625
2025-05-27 00:00:00+05:30,24956.650390625,25062.900390625,24704.099609375,24826.19921875
2025-05-28 00:00:00+05:30,24832.5,24864.25,24737.05078125,24752.44921875
2025-05-29 00:00:00+05:30,24825.099609375,24892.599609375,24677.30078125,24833.599609375
2025-05-30 00:00:00+05:30,24812.599609375,24863.94921875,24717.400390625,24750.69921875
2025-06-02 00:00:00+05:30,24669.69921875,24754.400390625,24526.150390625,24716.599609375
2025-06-03 00:00:00+05:30,24786.30078125,24845.099609375,24502.150390625,24542.5
2025-06-04 00:00:00+05:30,24560.44921875,24644.25,24530.44921875,24620.19921875
2025-06-05 00:00:00+05:30,24691.19921875,24899.849609375,24613.099609375,24750.900390625
2025-06-06 00:00:00+05:30,24748.69921875,25029.5,24671.44921875,25003.05078125
2025-06-09 00:00:00+05:30,25160.099609375,25160.099609375,25077.150390625,25103.19921875
2025-06-10 00:00:00+05:30,25196.05078125,25199.30078125,25055.44921875,25104.25
2025-06-11 00:00:00+05:30,25134.150390625,25222.400390625,25081.30078125,25141.400390625
2025-06-12 00:00:00+05:30,25164.44921875,25196.19921875,24825.900390625,24888.19921875
2025-06-13 00:00:00+05:30,24473.0,24754.349609375,24473.0,24718.599609375
2025-06-16 00:00:00+05:30,24732.349609375,24967.099609375,24703.599609375,24946.5
2025-06-17 00:00:00+05:30,24977.849609375,24982.05078125,24813.69921875,24853.400390625
2025-06-18 00:00:00+05:30,24788.349609375,24947.55078125,24750.44921875,24812.05078125
2025-06-19 00:00:00+05:30,24803.25,24863.099609375,24733.400390625,24793.25
2025-06-20 00:00:00+05:30,24787.650390625,25136.19921875,24783.650390625,25112.400390625
2025-06-23 00:00:00+05:30,24939.75,25057.0,24824.849609375,24971.900390625
2025-06-24 00:00:00+05:30,25179.900390625,25317.69921875,24999.69921875,25044.349609375
2025-06-25 00:00:00+05:30,25150.349609375,25266.80078125,25125.05078125,25244.75
2025-06-26 00:00:00+05:30,25268.94921875,25565.30078125,25259.900390625,25549.0
2025-06-27 00:00:00+05:30,25576.650390625,25654.19921875,25523.55078125,25637.80078125
2025-06-30 00:00:00+05:30,25661.650390625,25669.349609375,25473.30078125,25517.05078125
2025-07-01 00:00:00+05:30,25551.349609375,25593.400390625,25501.80078125,25541.80078125
2025-07-02 00:00:00+05:30,25588.30078125,25608.099609375,25378.75,25453.400390625
2025-07-03 00:00:00+05:30,25505.099609375,25587.5,25384.349609375,25405.30078125
2025-07-04 00:00:00+05:30,25428.849609375,25470.25,25331.650390625,25461.0
2025-07-07 00:00:00+05:30,25450.44921875,25489.80078125,25407.25,25461.30078125
2025-07-08 00:00:00+05:30,25427.849609375,25548.05078125,25424.150390625,25522.5
2025-07-09 00:00:00+05:30,25514.599609375,25548.69921875,25424.349609375,25476.099609375
2025-07-10 00:00:00+05:30,25511.650390625,25524.05078125,25340.44921875,25355.25
2025-07-11 00:00:00+05:30,25255.5,25322.44921875,25129.0,25149.849609375
2025-07-14 00:00:00+05:30,25149.5,25151.099609375,25001.94921875,25082.30078125
2025-07-15 00:00:00+05:30,25089.5,25245.19921875,25088.44921875,25195.80078125
2025-07-16 00:00:00+05:30,25196.599609375,25255.30078125,25121.05078125,25212.05078125
2025-07-17 00:00:00+05:30,25230.75,25238.349609375,25101.0,25111.44921875
2025-07-18 00:00:00+05:30,25108.55078125,25144.599609375,24918.650390625,24968.400390625
2025-07-21 00:00:00+05:30,24999.0,25111.400390625,24882.30078125,25090.69921875
2025-07-22 00:00:00+05:30,25166.650390625,25182.0,25035.55078125,25060.900390625
2025-07-23 00:00:00+05:30,25139.349609375,25233.5,25085.5,25219.900390625
2025-07-24 00:00:00+05:30,25243.30078125,25246.25,25018.69921875,25062.099609375
2025-07-25 00:00:00+05:30,25010.349609375,25010.349609375,24806.349609375,24837.0
2025-07-28 00:00:00+05:30,24782.44921875,24889.19921875,24646.599609375,24680.900390625
2025-07-29 00:00:00+05:30,24609.650390625,24847.150390625,24598.599609375,24821.099609375
2025-07-30 00:00:00+05:30,24890.400390625,24902.30078125,24771.94921875,24855.05078125
2025-07-31 00:00:00+05:30,24642.25,24956.5,24635.0,24768.349609375
2025-08-01 00:00:00+05:30,24734.900390625,24784.150390625,24535.05078125,24565.349609375
2025-08-04 00:00:00+05:30,24596.05078125,24736.25,24554.0,24722.75
2025-08-05 00:00:00+05:30,24720.25,24733.099609375,24590.30078125,24649.55078125
2025-08-06 00:00:00+05:30,24641.349609375,24671.400390625,24539.19921875,24574.19921875
2025-08-07 00:00:00+05:30,24464.19921875,24634.19921875,24344.150390625,24596.150390625
2025-08-08 00:00:00+05:30,24544.25,24585.5,24337.5,24363.30078125
2025-08-11 00:00:00+05:30,24371.5,24600.849609375,24347.44921875,24585.05078125
2025-08-12 00:00:00+05:30,24563.349609375,24702.599609375,24465.650390625,24487.400390625
2025-08-13 00:00:00+05:30,24586.19921875,24664.55078125,24535.25,24619.349609375
2025-08-14 00:00:00+05:30,24607.25,24673.650390625,24596.900390625,24631.30078125
2025-08-18 00:00:00+05:30,24938.19921875,25022.0,24852.849609375,24876.94921875
2025-08-19 00:00:00+05:30,24891.349609375,25012.650390625,24873.94921875,24980.650390625
2025-08-20 00:00:00+05:30,24965.80078125,25088.69921875,24929.69921875,25050.55078125
2025-08-21 00:00:00+05:30,25142.0,25153.650390625,25054.900390625,25083.75
2025-08-22 00:00:00+05:30,25064.150390625,25084.849609375,24859.150390625,24870.099609375
2025-08-25 00:00:00+05:30,24949.150390625,25021.55078125,24894.349609375,24967.75
2025-08-26 00:00:00+05:30,24899.5,24919.650390625,24689.599609375,24712.05078125
2025-08-28 00:00:00+05:30,24695.80078125,24702.650390625,24481.599609375,24500.900390625
2025-08-29 00:00:00+05:30,24466.69921875,24572.44921875,24404.69921875,24426.849609375
2025-09-01 00:00:00+05:30,24432.69921875,24635.599609375,24432.69921875,24625.05078125
2025-09-02 00:00:00+05:30,24653.0,24756.099609375,24522.349609375,24579.599609375
2025-09-03 00:00:00+05:30,24616.5,24737.05078125,24533.19921875,24715.05078125
2025-09-04 00:00:00+05:30,24980.75,24980.75,24708.19921875,24734.30078125
2025-09-05 00:00:00+05:30,24818.849609375,24832.349609375,24621.599609375,24741.0
